<?xml version='1.0' encoding='UTF-8' standalone='yes'?>
<addon id="service.pixel.lembretes" name="[COLOR FFFF6B00]Lembretes Pixel[/COLOR]" provider-name="Birger Jesch" version="2.0.4">
    <requires>
        <import addon="xbmc.python" version="2.24.0"/>
        <import addon="script.module.dateutil" version="2.5.3"/>
        <import addon="xbmc.json" version="6.20.0"/>
    </requires>
    <extension point="xbmc.service" library="service.py" start="login" />
    <extension point="xbmc.python.script" library="handler.py" />
    <extension point="kodi.context.item" library="addtimer.py">
            <menu id="kodi.core.main">
                <item library="addtimer.py">
                    <label>30040</label>
                    <visible>System.HasAddon(service.pixel.lembretes) + Window.IsVisible(tvguide)</visible>
                </item>
                <item library="deltimer.py">
                    <label>30041</label>
                    <visible>System.HasAddon(service.pixel.lembretes) + Window.IsVisible(tvguide)</visible>
                </item>
            </menu>
    </extension>
    <extension point="xbmc.addon.metadata">
        <summary lang="pt_BR">Lembretes para o modulo de PVR do Kodi</summary>
        <summary lang="en">A switch timer for the PVR module of Kodi</summary>
        <summary lang="de">Ein Umschalttimer für das PVR-Modul von Kodi</summary>
        <description lang="en">Switching with the KN switchtimer from every point of view inside Kodi to a tv or radio broadcast at a given time - no more miss your favorite shows or sports events on tv.</description>
        <description lang="de">Mit dem KN Switchtimer schaltest Du auf Deine programmierte Sendung zur richtigen Zeit um - egal wo Du Dich gerade befindest. Nie wieder die Lieblingssendung oder wichtige Sportereignisse verpassen.</description>
        <description lang="pt_BR">Permite agendar um programa de tv e o Kodi muda de canal automaticamente na hora agendada.</description>
        <disclaimer lang="en">Use at your own risk.</disclaimer>
        <disclaimer lang="de">Benutzung auf eigene Gefahr</disclaimer>
        <disclaimer lang="pt_BR"></disclaimer>
        <platform>all</platform>
        <license>GNU GENERAL PUBLIC LICENSE. Version 2, June 1991</license>
        <website></website>
        <source>https://github.com/josemoraes99/pixel.lembretes</source>
        <email></email>
        <language/>
    </extension>
</addon>
