﻿<?xml version="1.0" encoding="UTF-8" standalone="yes"?>
<addon id="plugin.video.pixel.canais"
       name="[COLOR FFFF6B00]Canais Pixel[/COLOR]"
       version="1.0.2"
       provider-name="josemoraes">
  <requires>
    <import addon="xbmc.python" version="2.1.0"/>
  </requires>
  <extension point="xbmc.python.pluginsource" library="default.py">
        <provides>video</provides>
  </extension>
	<extension point="xbmc.addon.metadata">
	    <summary>Baseado no addon Tiabet de leandrotsampa</summary>
	    <description>Altera os picons dos canais, oculta canais PG- e faz grupos dos canais.</description>
	    <disclaimer></disclaimer>
      <platform>all</platform>
	</extension>
</addon>
